PR,Predicted,Actual
1,FAIL,FAIL
2,PASS,PASS
3,FAIL,FAIL
4,FAIL,FAIL
5,PASS,PASS
6,PASS,FAIL
7,PASS,FAIL
8,PASS,PASS
9,PASS,PASS
10,PASS,PASS
11,PASS,PASS
12,PASS,PASS
13,FAIL,FAIL
14,PASS,PASS
15,FAIL,FAIL
16,FAIL,FAIL
17,FAIL,PASS
18,FAIL,FAIL
19,FAIL,FAIL
20,PASS,PASS
21,PASS,PASS
22,FAIL,FAIL
23,PASS,FAIL
24,PASS,PASS
25,FAIL,FAIL
26,FAIL,FAIL
27,PASS,PASS
28,FAIL,FAIL
29,FAIL,FAIL
30,PASS,PASS
31,PASS,PASS
32,PASS,PASS
33,PASS,PASS
34,PASS,PASS
35,PASS,PASS
36,PASS,PASS
37,FAIL,FAIL
38,FAIL,FAIL
39,PASS,PASS
40,PASS,PASS
41,PASS,PASS
42,PASS,PASS
43,PASS,PASS
44,PASS,PASS
45,PASS,PASS
46,PASS,PASS
47,FAIL,FAIL
48,PASS,PASS
49,FAIL,FAIL
50,FAIL,FAIL